Therapeutic,CH1 Isotype,VD LC,Viscosity_Risk_Score,Viscosity_Risk_Category,Fab_Total_SASA,Fab_Hydro_SASA,Fab_Net_Charge,Fab_Max_Hydro_Patch,Fab_Max_Pos_Patch,Fab_Max_Neg_Patch,Fab_Charge_Dipole,CDR_Hydro_SASA,CDR_Net_Charge,ChA_Length,ChB_Length,Fab_Total_Residues,Viscosity_Ratios,High_Risk_Concentrations,k_visc,Ch_A_Total_SASA,Ch_A_Hydro_SASA,Ch_A_Net_Charge,Ch_A_Max_Hydro_Patch,Ch_A_Max_Pos_Patch,Ch_A_Max_Neg_Patch,Ch_A_Charge_Dipole,Ch_A_CDR_Hydro_SASA,Ch_A_CDR_Net_Charge,Ch_A_Num_Residues,Ch_B_Total_SASA,Ch_B_Hydro_SASA,Ch_B_Net_Charge,Ch_B_Max_Hydro_Patch,Ch_B_Max_Pos_Patch,Ch_B_Max_Neg_Patch,Ch_B_Charge_Dipole,Ch_B_CDR_Hydro_SASA,Ch_B_CDR_Net_Charge,Ch_B_Num_Residues
abelacimab_Fab,G1,Lambda,1.059,High,23551.32,5587.53,5.4,2762.63,3,3,73.13,520.78,1.0,220,216,436,"{50: np.float64(2.4919450000000003), 100: np.float64(3.98389), 150: np.float64(5.475835)}","[50, 100, 150]",0.0298,10951.26,2788.65,5.2,2762.63,3,2,51.96,173.92,0.0,220,12600.06,2798.88,0.2,2449.71,3,3,73.13,346.86,1.0,216
adalimumab_Fab,G1,Kappa,1.459,High,23689.64,5669.13,5.6,3259.51,8,3,165.8,990.37,3.0,219,214,433,"{50: np.float64(2.833055), 100: np.float64(4.66611), 150: np.float64(6.4991650000000005)}","[50, 100, 150]",0.0367,12519.83,3729.43,1.4,3259.51,8,3,131.85,454.88,-1.0,219,11169.81,1939.7,4.2,903.47,6,3,165.8,535.49,4.0,214
aducanumab_Fab,G1,Kappa,1.032,High,25864.78,6184.32,12.5,2191.89,7,2,128.73,1094.58,1.0,222,214,436,"{50: np.float64(2.249675), 100: np.float64(3.49935), 150: np.float64(4.7490250000000005)}","[50, 100, 150]",0.025,13593.14,3986.15,11.3,2191.89,4,2,34.81,814.73,0.0,222,12271.64,2198.17,1.2,2083.32,7,2,128.73,279.85,1.0,214
andecaliximab_Fab,G4,Kappa,1.213,High,24126.94,5104.94,5.6,2976.18,6,4,84.99,851.52,3.1,199,214,413,"{50: np.float64(2.62308), 100: np.float64(4.24616), 150: np.float64(5.8692400000000005)}","[50, 100, 150]",0.0325,13171.86,3429.35,4.3,2976.18,4,2,74.01,619.18,1.0,199,10955.08,1675.59,1.3,1452.57,6,4,84.99,232.34,2.1,214
anselamimab_Fab,G1,Kappa,1.066,High,25796.77,6483.48,6.7,2481.54,6,3,103.57,704.29,2.1,209,219,428,"{50: np.float64(2.3818400000000004), 100: np.float64(3.7636800000000004), 150: np.float64(5.14552)}","[50, 100, 150]",0.0276,12501.87,3305.9,4.3,1757.78,3,2,38.16,406.83,-2.0,209,13294.9,3177.58,2.4,2481.54,6,3,103.57,297.46,4.1,219
arcitumomab_Fab,G1,Kappa,1.463,High,24974.85,6071.75,10.6,3056.37,6,3,199.54,921.74,3.2,219,213,432,"{50: np.float64(2.765225), 100: np.float64(4.53045), 150: np.float64(6.295675)}","[50, 100, 150]",0.0353,11554.79,2953.15,7.2,2594.25,4,2,45.1,255.05,1.0,219,13420.06,3118.6,3.4,3056.37,6,3,199.54,666.69,2.2,213
atisnolerbart_Fab,G4,Kappa,1.445,High,29697.97,7718.18,4.5,3657.68,4,4,98.75,843.59,3.1,204,215,419,"{50: np.float64(2.97759), 100: np.float64(4.95518), 150: np.float64(6.93277)}","[50, 100, 150]",0.0396,14265.68,4073.91,4.3,3657.68,3,2,72.17,332.16,1.1,204,15432.29,3644.27,0.2,3469.49,4,4,98.75,511.43,2.0,215
balstilimab_Fab,G4,Kappa,1.033,High,21342.19,4272.17,7.6,2332.12,7,3,116.43,724.12,1.1,197,214,411,"{50: np.float64(2.3199899999999998), 100: np.float64(3.63998), 150: np.float64(4.95997)}","[50, 100, 150]",0.0264,10785.95,2623.62,5.4,2332.12,7,1,80.98,389.8,-1.9,197,10556.24,1648.55,2.2,1132.18,6,3,116.43,334.32,3.0,214
basiliximab_Fab,G1,Kappa,1.332,High,21342.91,4914.67,9.7,2709.33,7,3,175.0,1050.9,4.0,215,211,426,"{50: np.float64(2.567165), 100: np.float64(4.13433), 150: np.float64(5.701495)}","[50, 100, 150]",0.0313,10623.52,2727.35,6.4,2709.33,7,3,110.97,500.66,1.0,215,10719.39,2187.32,3.3,1635.1,6,2,175.0,550.24,3.0,211
belantamab_Fab,G1,Kappa,0.756,High,20882.97,3802.98,7.7,1300.09,6,3,122.76,571.6,3.2,219,214,433,"{50: np.float64(1.810305), 100: np.float64(2.62061), 150: np.float64(3.430915)}","[100, 150]",0.0162,10395.59,2257.09,6.4,1300.09,4,3,122.76,364.86,2.1,219,10487.38,1545.89,1.3,1211.98,6,3,67.19,206.74,1.1,214
belrestotug_Fab,G1,Kappa,1.064,High,21891.67,4536.72,6.6,2562.25,6,2,105.19,447.48,2.1,219,215,434,"{50: np.float64(2.411315), 100: np.float64(3.82263), 150: np.float64(5.233945)}","[50, 100, 150]",0.0282,11721.17,3000.73,5.4,2562.25,5,2,105.19,152.56,-0.9,219,10170.5,1535.99,1.2,1478.81,6,2,62.47,294.92,3.0,215
betinukibart_Fab,G1,Kappa,0.957,High,24711.47,6422.34,0.8,1896.63,6,3,134.18,1168.87,0.1,215,219,434,"{50: np.float64(2.1199950000000003), 100: np.float64(3.2399900000000006), 150: np.float64(4.359985)}","[50, 100, 150]",0.0224,13188.48,4265.76,2.2,1896.63,5,2,134.18,917.6,-2.0,215,11522.99,2156.58,-1.4,1714.73,6,3,51.68,251.27,2.1,219
bezlotoxumab_Fab,G1,Kappa,1.394,High,24907.28,6184.32,8.4,3278.4,6,4,106.55,1292.68,4.0,217,215,432,"{50: np.float64(2.79575), 100: np.float64(4.5915), 150: np.float64(6.387250000000001)}","[50, 100, 150]",0.0359,12699.55,3630.01,8.2,3278.4,4,2,47.8,647.19,2.0,217,12207.73,2554.31,0.2,2083.83,6,4,106.55,645.49,2.0,215
bintrafusp_Fab,G1,Lambda,0.806,High,20283.59,4149.38,7.5,1744.36,5,2,101.62,597.74,1.0,218,216,434,"{50: np.float64(1.9988000000000001), 100: np.float64(2.9976000000000003), 150: np.float64(3.9964)}","[100, 150]",0.02,10268.57,2542.99,6.2,1744.36,3,1,71.2,274.39,2.0,218,10015.02,1606.39,1.3,803.16,5,2,101.62,323.35,-1.0,216
brentuximab_Fab,G1,Kappa,1.503,High,26106.98,6608.67,-0.5,3198.26,6,4,178.91,1137.46,-4.0,215,218,433,"{50: np.float64(2.82804), 100: np.float64(4.65608), 150: np.float64(6.484120000000001)}","[50, 100, 150]",0.0366,12656.58,3536.1,6.2,3198.26,3,2,52.45,527.95,-1.0,215,13450.4,3072.57,-6.7,3058.53,6,4,178.91,609.51,-3.0,218
camrelizumab_Fab,G4,Kappa,1.582,High,27742.4,7458.23,3.4,4015.43,6,3,128.17,1210.62,0.0,200,214,414,"{50: np.float64(3.1733849999999997), 100: np.float64(5.346769999999999), 150: np.float64(7.520155)}","[50, 100, 150]",0.0435,14392.51,4477.1,4.2,4015.43,3,2,47.94,807.51,1.0,200,13349.89,2981.13,-0.8,2271.58,6,3,128.17,403.11,-1.0,214
canakinumab_Fab,G1,Kappa,0.989,High,25626.35,6398.34,4.6,2346.2,6,4,98.79,592.4,0.2,216,214,430,"{50: np.float64(2.32189), 100: np.float64(3.64378), 150: np.float64(4.96567)}","[50, 100, 150]",0.0264,13447.89,4040.66,5.2,2278.76,3,2,68.85,266.31,-1.0,216,12178.46,2357.68,-0.6,2346.2,6,4,98.79,326.09,1.2,214
cetuximab_Fab,G1,Kappa,1.223,High,26226.27,6111.27,4.6,3144.96,6,6,67.2,919.21,1.1,217,214,431,"{50: np.float64(2.71468), 100: np.float64(4.42936), 150: np.float64(6.14404)}","[50, 100, 150]",0.0343,14277.95,3798.19,6.3,3144.96,3,2,67.2,485.67,1.0,217,11948.32,2313.08,-1.7,1878.82,6,6,52.35,433.54,0.1,214
cosibelimab_Fab,G1,Lambda,1.052,High,21927.85,4371.75,2.6,2495.77,3,4,105.31,496.68,1.0,218,218,436,"{50: np.float64(2.403195), 100: np.float64(3.80639), 150: np.float64(5.209585)}","[50, 100, 150]",0.0281,11205.21,2560.46,5.2,2495.77,2,2,105.31,392.96,3.0,218,10722.64,1811.29,-2.6,1224.21,3,4,41.7,103.72,-2.0,218
daclizumab_Fab,G1,Kappa,0.871,High,24316.58,5769.17,6.7,1820.18,6,3,99.85,852.68,2.1,214,213,427,"{50: np.float64(2.04744), 100: np.float64(3.09488), 150: np.float64(4.14232)}","[50, 100, 150]",0.0209,13154.99,3407.97,5.3,1820.18,5,2,81.3,265.64,1.0,214,11161.59,2361.2,1.4,1193.11,6,3,99.85,587.04,1.1,213
daratumumab_Fab,G1,Kappa,1.307,High,24850.41,6120.24,4.4,3598.88,6,3,51.24,662.32,3.0,220,214,434,"{50: np.float64(2.88818), 100: np.float64(4.77636), 150: np.float64(6.664540000000001)}","[50, 100, 150]",0.0378,13079.73,3937.1,4.2,3598.88,3,2,46.51,292.75,1.0,220,11770.68,2183.14,0.2,1864.3,6,3,51.24,369.57,2.0,214
dazukibart_Fab,G1,Kappa,1.245,High,26756.35,6438.69,5.7,3419.17,6,3,74.13,529.02,0.1,217,214,431,"{50: np.float64(2.8212150000000005), 100: np.float64(4.642430000000001), 150: np.float64(6.463645000000001)}","[50, 100, 150]",0.0364,12665.87,3452.75,4.4,3419.17,4,2,46.83,166.62,-1.0,217,14090.48,2985.94,1.3,2915.48,6,3,74.13,362.4,1.1,214
denosumab_Fab,G2,Kappa,1.564,High,27107.0,6998.98,4.4,3237.23,9,7,196.62,728.7,5.0,206,215,421,"{50: np.float64(2.9027350000000003), 100: np.float64(4.805470000000001), 150: np.float64(6.708205)}","[50, 100, 150]",0.0381,14600.34,4893.75,1.2,3237.23,3,2,66.13,368.81,0.0,206,12506.66,2105.23,3.2,2082.89,9,7,196.62,359.89,5.0,215
donanemab_Fab,G1,Kappa,1.008,High,25150.02,5770.1,7.5,2515.94,6,3,68.62,748.01,2.0,213,219,432,"{50: np.float64(2.36409), 100: np.float64(3.72818), 150: np.float64(5.09227)}","[50, 100, 150]",0.0273,12835.53,3261.9,6.2,2515.94,4,3,68.62,229.28,0.0,213,12314.49,2508.2,1.3,2487.9,6,3,28.58,518.73,2.0,219
ebronucimab_Fab,G1,Lambda,0.987,High,20720.16,4178.75,-0.4,2620.64,3,4,47.94,463.75,-2.0,221,217,438,"{50: np.float64(2.40826), 100: np.float64(3.8165199999999997), 150: np.float64(5.22478)}","[50, 100, 150]",0.0282,10148.79,2649.43,2.2,2620.64,2,2,47.94,268.4,-1.0,221,10571.37,1529.32,-2.6,896.97,3,4,29.76,195.35,-1.0,217
enlonstobart_Fab,G4,Kappa,1.12,High,23784.93,5844.47,8.5,2828.29,5,6,67.27,828.56,1.0,197,214,411,"{50: np.float64(2.5564150000000003), 100: np.float64(4.112830000000001), 150: np.float64(5.669245000000001)}","[50, 100, 150]",0.0311,12031.8,3180.78,7.3,2828.29,3,3,46.75,486.99,-2.0,197,11753.13,2663.69,1.2,2442.82,5,6,67.27,341.57,3.0,214
erenumab_Fab,G2,Lambda,0.954,High,21317.34,4406.32,7.6,2428.18,5,3,71.0,508.22,1.0,214,216,430,"{50: np.float64(2.32259), 100: np.float64(3.6451800000000003), 150: np.float64(4.96777)}","[50, 100, 150]",0.0265,10984.7,2455.76,5.4,2428.18,5,3,69.7,301.42,0.0,214,10332.64,1950.56,2.2,1917.13,3,3,71.0,206.8,1.0,216
ersodetug_Fab,G2,Kappa,1.269,High,26405.58,7016.5,1.7,3352.12,6,4,70.85,870.67,1.1,202,219,421,"{50: np.float64(2.7969100000000005), 100: np.float64(4.593820000000001), 150: np.float64(6.3907300000000005)}","[50, 100, 150]",0.0359,13142.88,3896.42,2.4,3352.12,4,3,51.21,260.12,-0.9,202,13262.7,3120.08,-0.7,2979.95,6,4,70.85,610.55,2.0,219
evinacumab_Fab,G4,Kappa,1.232,High,23717.44,5453.26,2.4,3121.05,6,4,105.13,609.38,0.0,210,214,424,"{50: np.float64(2.7156550000000004), 100: np.float64(4.431310000000001), 150: np.float64(6.146965000000001)}","[50, 100, 150]",0.0343,11421.33,3196.24,0.2,3121.05,5,4,62.4,143.76,-2.0,210,12296.11,2257.02,2.2,1549.94,6,3,105.13,465.62,2.0,214
farletuzumab_Fab,G1,Kappa,1.172,High,22048.83,4837.9,4.6,2786.8,6,3,126.46,529.2,-0.9,217,217,434,"{50: np.float64(2.55736), 100: np.float64(4.11472), 150: np.float64(5.67208)}","[50, 100, 150]",0.0311,11857.76,3254.03,4.3,2786.8,5,2,36.63,227.05,-0.9,217,10191.07,1583.87,0.3,1568.68,6,3,126.46,302.15,0.0,217
feladilimab_Fab,G4,Kappa,0.948,High,22515.59,5189.31,2.7,2564.73,4,2,46.88,840.6,0.1,205,213,418,"{50: np.float64(2.354245), 100: np.float64(3.7084900000000003), 150: np.float64(5.062735)}","[50, 100, 150]",0.0271,11450.35,2773.71,4.4,2564.73,3,2,46.88,287.42,-1.0,205,11065.24,2415.6,-1.7,2401.43,4,2,39.66,553.18,1.1,213
felzartamab_Fab,G1,Lambda,1.585,High,25178.2,7302.08,3.5,4165.96,4,3,115.94,956.56,0.1,218,213,431,"{50: np.float64(3.2364200000000003), 100: np.float64(5.472840000000001), 150: np.float64(7.709260000000001)}","[50, 100, 150]",0.0447,14212.1,5227.49,5.2,4165.96,3,3,97.85,679.98,-1.0,218,10966.1,2074.59,-1.7,1921.34,4,2,115.94,276.58,1.1,213
finotonlimab_Fab,G4,Kappa,1.645,High,29530.8,7940.73,4.5,4157.95,6,3,129.25,1259.88,1.0,202,218,420,"{50: np.float64(3.2457249999999997), 100: np.float64(5.4914499999999995), 150: np.float64(7.737175)}","[50, 100, 150]",0.0449,13830.61,3771.7,7.2,3316.18,4,2,129.25,286.8,2.0,202,15700.19,4169.03,-2.7,4157.95,6,3,61.56,973.08,-1.0,218
gemtuzumab_Fab,G4,Kappa,1.704,High,27796.89,7010.31,3.5,4275.24,6,3,145.88,926.63,-2.0,200,218,418,"{50: np.float64(3.321), 100: np.float64(5.642), 150: np.float64(7.963)}","[50, 100, 150]",0.0464,15148.07,4556.96,3.3,4275.24,3,3,37.82,690.43,-1.0,200,12648.82,2453.35,0.2,2343.49,6,3,145.88,236.2,-1.0,218
gevokizumab_Fab,G2,Kappa,1.431,High,26583.94,6239.5,4.6,3252.17,10,5,155.5,614.28,3.2,204,214,418,"{50: np.float64(2.844085), 100: np.float64(4.68817), 150: np.float64(6.532255)}","[50, 100, 150]",0.0369,14025.54,3588.88,2.3,3252.17,2,3,94.0,311.99,1.1,204,12558.4,2650.62,2.3,2631.76,10,5,155.5,302.29,2.1,214
gotistobart_Fab,G1,Kappa,1.142,High,24071.72,6322.92,3.7,3235.2,6,2,45.75,441.09,-1.8,223,214,437,"{50: np.float64(2.68835), 100: np.float64(4.3767), 150: np.float64(6.065049999999999)}","[50, 100, 150]",0.0338,13287.92,4035.08,4.4,3235.2,3,2,45.75,299.98,-0.9,223,10783.8,2287.84,-0.7,2258.08,6,2,39.05,141.11,-0.9,214
guselkumab_Fab,G1,Lambda,1.275,High,24402.61,5910.92,7.5,3338.34,11,4,76.13,881.53,1.0,215,217,432,"{50: np.float64(2.7953), 100: np.float64(4.5906), 150: np.float64(6.3859)}","[50, 100, 150]",0.0359,12316.12,3387.39,7.2,3338.34,11,1,49.06,622.32,1.0,215,12086.49,2523.53,0.3,2145.99,3,4,76.13,259.21,0.0,217
infliximab_Fab,G1,Kappa,1.129,High,27534.89,7521.29,0.8,2312.05,6,4,116.18,1518.55,3.3,218,214,432,"{50: np.float64(2.3222050000000003), 100: np.float64(3.6444100000000006), 150: np.float64(4.966615000000001)}","[50, 100, 150]",0.0264,15314.87,4792.23,3.4,2312.05,3,4,51.21,678.11,3.1,218,12220.02,2729.06,-2.6,1972.69,6,3,116.18,840.44,0.2,214
itepekimab_Fab,G4,Kappa,1.296,High,25159.35,5726.81,5.5,2911.89,6,4,149.75,710.23,2.0,206,214,420,"{50: np.float64(2.655695), 100: np.float64(4.31139), 150: np.float64(5.967085)}","[50, 100, 150]",0.0331,12891.1,3141.67,4.3,2911.89,5,4,49.09,336.01,1.0,206,12268.25,2585.14,1.2,2572.13,6,2,149.75,374.22,1.0,214
latozinemab_Fab,G1,Kappa,1.329,High,24676.19,6228.95,5.5,3586.93,6,3,48.68,1052.01,3.1,220,219,439,"{50: np.float64(2.879645), 100: np.float64(4.75929), 150: np.float64(6.638935)}","[50, 100, 150]",0.0376,12637.74,3614.59,7.3,3586.93,3,2,28.84,314.89,1.1,220,12038.45,2614.36,-1.8,2588.39,6,3,48.68,737.12,2.0,219
lecanemab_Fab,G1,Kappa,1.22,High,25468.69,6500.96,6.7,2921.61,6,3,101.04,871.85,3.1,222,219,441,"{50: np.float64(2.5993450000000005), 100: np.float64(4.198690000000001), 150: np.float64(5.7980350000000005)}","[50, 100, 150]",0.032,12377.77,3379.45,5.3,2921.61,3,2,101.04,388.12,0.0,222,13090.92,3121.51,1.4,2381.35,6,3,75.34,483.73,3.1,219
lenvervimab_Fab,G1,Kappa,1.433,High,26780.57,6770.01,6.4,3523.78,6,5,119.18,766.95,2.0,227,214,441,"{50: np.float64(2.9435700000000002), 100: np.float64(4.8871400000000005), 150: np.float64(6.83071)}","[50, 100, 150]",0.0389,14178.99,3984.63,6.2,3523.78,3,5,96.46,515.75,2.0,227,12601.58,2785.38,0.2,2770.71,6,3,119.18,251.2,0.0,214
lerdelimumab_Fab,G4,Lambda,1.053,High,24172.17,6362.51,4.6,2528.11,4,3,88.56,747.92,2.1,199,215,414,"{50: np.float64(2.390115), 100: np.float64(3.7802300000000004), 150: np.float64(5.170345)}","[50, 100, 150]",0.0278,12217.32,3511.24,4.3,2528.11,4,3,71.19,418.75,-1.0,199,11954.85,2851.27,0.3,1538.05,3,3,88.56,329.17,3.1,215
levilimab_Fab,G1,Kappa,1.271,High,23281.59,5931.98,4.5,3324.07,6,3,86.19,546.3,2.0,218,218,436,"{50: np.float64(2.7857250000000002), 100: np.float64(4.5714500000000005), 150: np.float64(6.357175000000001)}","[50, 100, 150]",0.0357,12112.64,3527.55,6.3,3324.07,4,2,61.76,155.68,0.0,218,11168.95,2404.43,-1.8,2387.27,6,3,86.19,390.62,2.0,218
litifilimab_Fab,G1,Kappa,1.537,High,23802.2,6677.82,0.4,3727.35,6,3,134.21,798.48,-4.0,220,218,438,"{50: np.float64(3.0353849999999998), 100: np.float64(5.0707699999999996), 150: np.float64(7.106155)}","[50, 100, 150]",0.0407,12409.45,4189.76,4.2,3727.35,6,2,77.06,316.72,-1.0,220,11392.75,2488.06,-3.8,1774.92,6,3,134.21,481.76,-3.0,218
manfidokimab_Fab,G4,Kappa,0.809,High,25364.51,5803.5,6.6,1797.76,6,2,69.41,853.76,3.1,200,214,414,"{50: np.float64(1.99329), 100: np.float64(2.98658), 150: np.float64(3.97987)}","[100, 150]",0.0199,13336.71,3317.51,6.3,1797.76,4,1,52.94,360.78,2.0,200,12027.8,2485.99,0.3,916.01,6,2,69.41,492.98,1.1,214
mazorelvimab_Fab,G1,Kappa,1.82,High,28626.49,8663.74,4.4,4780.38,6,4,95.28,1074.11,5.0,218,219,437,"{50: np.float64(3.53547), 100: np.float64(6.07094), 150: np.float64(8.60641)}","[50, 100, 150]",0.0507,14786.81,5216.3,6.2,4780.38,4,2,95.28,324.6,4.0,218,13839.68,3447.44,-1.8,2490.1,6,4,51.8,749.51,1.0,219
mirikizumab_Fab,G4,Kappa,0.987,High,23035.18,4868.7,7.6,2471.61,11,3,65.18,917.75,1.1,199,214,413,"{50: np.float64(2.338485), 100: np.float64(3.67697), 150: np.float64(5.015455)}","[50, 100, 150]",0.0268,12564.51,3041.75,7.3,2471.61,5,2,42.95,396.2,1.0,199,10470.67,1826.95,0.3,1121.32,11,3,65.18,521.55,0.1,214
monalizumab_Fab,G4,Kappa,1.708,High,27737.29,7407.42,3.7,4213.76,6,5,149.96,1096.69,-0.8,209,214,423,"{50: np.float64(3.3193400000000004), 100: np.float64(5.638680000000001), 150: np.float64(7.958020000000001)}","[50, 100, 150]",0.0464,15376.06,4648.19,2.3,4213.76,3,5,93.95,566.71,-2.0,209,12361.23,2759.23,1.4,1653.84,6,3,149.96,529.98,1.2,214
natalizumab_Fab,G4,Kappa,0.872,High,21678.48,4360.24,5.6,1711.42,5,4,109.61,1123.83,-1.0,207,213,420,"{50: np.float64(2.01532), 100: np.float64(3.03064), 150: np.float64(4.045960000000001)}","[50, 100, 150]",0.0203,11175.11,2666.99,5.3,1711.42,4,4,109.61,473.54,-1.0,207,10503.37,1693.25,0.3,1665.55,5,3,41.24,650.29,0.0,213
nemolizumab_Fab,G2,Kappa,1.258,High,23248.71,4638.41,-5.4,2737.79,6,5,127.53,791.28,-4.8,205,214,419,"{50: np.float64(2.5589250000000003), 100: np.float64(4.117850000000001), 150: np.float64(5.676775)}","[50, 100, 150]",0.0312,11590.63,2775.29,-1.8,2737.79,3,3,54.99,534.89,-1.0,205,11658.08,1863.12,-3.6,845.02,6,5,127.53,256.39,-3.8,214
nirsevimab_Fab,G1,Kappa,1.413,High,24962.03,5964.55,-5.4,3136.23,4,3,142.32,898.61,-6.0,224,214,438,"{50: np.float64(2.747935), 100: np.float64(4.49587), 150: np.float64(6.243805)}","[50, 100, 150]",0.035,12701.83,3531.8,-2.6,3136.23,2,3,142.32,429.36,-3.0,224,12260.2,2432.75,-2.8,2415.36,4,3,62.66,469.25,-3.0,214
nivolumab_Fab,G4,Kappa,0.971,High,22973.71,4359.14,5.5,2159.71,7,3,117.11,581.88,-1.0,197,214,411,"{50: np.float64(2.234465), 100: np.float64(3.4689300000000003), 150: np.float64(4.703395)}","[50, 100, 150]",0.0247,11175.65,2518.82,5.3,2159.71,7,3,116.18,256.79,-3.0,197,11798.06,1840.32,0.2,1750.69,6,3,117.11,325.09,2.0,214
obiltoxaximab_Fab,G1,Kappa,1.076,High,24757.61,4952.59,7.4,2428.93,8,5,112.19,566.79,2.0,217,214,431,"{50: np.float64(2.3891549999999997), 100: np.float64(3.77831), 150: np.float64(5.167465)}","[50, 100, 150]",0.0278,12019.99,2766.14,6.2,2428.93,5,2,59.24,290.46,0.0,217,12737.62,2186.45,1.2,2164.14,8,5,112.19,276.33,2.0,214
obinutuzumab_Fab,G1,Kappa,1.088,High,28136.83,7900.96,4.5,2552.41,6,4,88.2,1194.28,1.1,217,219,436,"{50: np.float64(2.4144050000000004), 100: np.float64(3.8288100000000003), 150: np.float64(5.243215)}","[50, 100, 150]",0.0283,15227.14,4902.13,6.2,2552.41,4,3,83.8,760.33,-1.0,217,12909.69,2998.83,-1.7,1574.6,6,4,88.2,433.95,2.1,219
ocrelizumab_Fab,G1,Kappa,1.519,High,25522.43,6677.86,7.6,3699.92,6,3,130.64,1145.42,2.1,220,213,433,"{50: np.float64(3.0181), 100: np.float64(5.0362), 150: np.float64(7.0543000000000005)}","[50, 100, 150]",0.0404,13635.63,4044.61,6.3,3699.92,5,3,39.86,500.96,1.0,220,11886.8,2633.25,1.3,2621.05,6,3,130.64,644.46,1.1,213
omalizumab_Fab,G1,Kappa,1.335,High,22508.43,5044.71,0.8,3116.32,9,3,143.23,550.31,-2.8,219,218,437,"{50: np.float64(2.7388900000000005), 100: np.float64(4.477780000000001), 150: np.float64(6.216670000000001)}","[50, 100, 150]",0.0348,11366.84,3144.12,5.5,3116.32,5,2,143.23,365.0,0.1,219,11141.59,1900.59,-4.7,1125.99,9,3,107.58,185.31,-2.9,218
omectatug_Fab,G1,Kappa,1.961,High,32485.72,9710.09,7.5,4704.84,4,4,155.27,1428.01,6.1,216,220,436,"{50: np.float64(3.5576900000000005), 100: np.float64(6.115380000000001), 150: np.float64(8.673070000000001)}","[50, 100, 150]",0.0512,16542.12,5479.45,7.3,4704.84,4,2,73.52,622.38,4.1,216,15943.6,4230.64,0.2,1873.67,4,4,155.27,805.63,2.0,220
otilimab_Fab,G1,Lambda,1.251,High,23493.9,5750.61,8.4,3055.13,7,6,80.84,703.91,4.0,215,210,425,"{50: np.float64(2.683405), 100: np.float64(4.36681), 150: np.float64(6.050215)}","[50, 100, 150]",0.0337,10817.99,3087.01,7.2,3055.13,3,2,80.84,308.98,1.0,215,12675.91,2663.6,1.2,2201.8,7,6,69.33,394.93,3.0,210
pabinafusp_Fab,G1,Kappa,1.727,High,28955.93,7847.95,5.7,4506.66,6,3,122.7,913.9,2.1,216,219,435,"{50: np.float64(3.4135299999999997), 100: np.float64(5.8270599999999995), 150: np.float64(8.24059)}","[50, 100, 150]",0.0483,15359.31,5016.01,4.2,4506.66,3,3,122.7,667.85,0.0,216,13596.62,2831.94,1.5,2315.46,6,3,98.65,246.05,2.1,219
panitumumab_Fab,G2,Kappa,0.867,High,23066.87,5068.19,-1.3,2132.71,6,3,48.77,785.2,-2.7,203,214,417,"{50: np.float64(2.1526250000000005), 100: np.float64(3.3052500000000005), 150: np.float64(4.4578750000000005)}","[50, 100, 150]",0.0231,11995.15,2904.41,2.3,2080.75,4,3,26.6,348.0,1.1,203,11071.72,2163.78,-3.6,2132.71,6,3,48.77,437.2,-3.8,214
pembrolizumab_Fab,G4,Kappa,1.004,High,22289.3,5088.87,4.6,2189.54,6,4,96.2,709.59,4.1,204,218,422,"{50: np.float64(2.24097), 100: np.float64(3.48194), 150: np.float64(4.72291)}","[50, 100, 150]",0.0248,12055.55,2878.55,5.2,1677.01,6,2,30.35,278.41,2.0,204,10233.75,2210.32,-0.6,2189.54,6,4,96.2,431.18,2.1,218
pemivibart_Fab,G1,Lambda,1.541,High,25632.81,6469.08,0.5,3775.26,3,4,120.97,887.03,-4.0,222,218,440,"{50: np.float64(3.0586), 100: np.float64(5.1172), 150: np.float64(7.1758000000000015)}","[50, 100, 150]",0.0412,12826.49,3798.86,2.2,3775.26,2,3,120.97,637.93,-2.0,222,12806.32,2670.22,-1.7,2601.7,3,4,22.13,249.1,-2.0,218
polatuzumab_Fab,G1,Kappa,1.554,High,26226.7,6503.87,-1.6,3512.3,8,6,175.15,1005.75,-1.0,215,218,433,"{50: np.float64(3.0063), 100: np.float64(5.0126), 150: np.float64(7.0189)}","[50, 100, 150]",0.0401,13665.23,3863.93,3.2,3512.3,3,3,129.49,503.95,2.0,215,12561.47,2639.94,-4.8,2624.83,8,6,175.15,501.8,-3.0,218
pulocimab_Fab,G1,Kappa,1.654,High,29417.49,9530.12,6.4,4349.49,7,3,93.25,1563.39,-1.0,214,214,428,"{50: np.float64(3.305495), 100: np.float64(5.61099), 150: np.float64(7.916485000000001)}","[50, 100, 150]",0.0461,15472.31,5383.09,6.2,4349.49,3,2,69.84,804.43,0.0,214,13945.18,4147.03,0.2,3246.51,7,3,93.25,758.96,-1.0,214
racotumomab_Fab,G1,Kappa,1.189,High,26217.93,6513.95,1.5,3061.48,6,3,82.97,815.13,-0.9,219,214,433,"{50: np.float64(2.65121), 100: np.float64(4.30242), 150: np.float64(5.9536299999999995)}","[50, 100, 150]",0.033,12928.9,3420.6,3.2,3061.48,4,2,82.97,477.01,-2.0,219,13289.03,3093.35,-1.7,2021.19,6,3,57.18,338.12,1.1,214
ramucirumab_Fab,G1,Kappa,1.792,High,25451.98,7488.7,6.4,4840.51,7,3,105.64,1119.2,-1.0,214,214,428,"{50: np.float64(3.5633950000000003), 100: np.float64(6.126790000000001), 150: np.float64(8.690185)}","[50, 100, 150]",0.0513,14750.49,4959.26,6.2,4840.51,4,3,92.25,716.29,0.0,214,10701.49,2529.44,0.2,2506.96,7,3,105.64,402.91,-1.0,214
relatlimab_Fab,G4,Kappa,1.285,High,27404.72,6579.9,2.5,3086.31,6,4,107.57,1172.56,1.1,204,214,418,"{50: np.float64(2.700725), 100: np.float64(4.40145), 150: np.float64(6.102174999999999)}","[50, 100, 150]",0.034,13600.61,3477.8,3.3,3086.31,4,2,75.38,443.95,-0.9,204,13804.11,3102.1,-0.8,3017.38,6,4,107.57,728.61,2.0,214
riliprubart_Fab,G4,Kappa,1.325,High,24307.12,5728.6,-5.4,2677.37,6,6,150.34,954.61,-6.0,203,218,421,"{50: np.float64(2.564025), 100: np.float64(4.12805), 150: np.float64(5.692074999999999)}","[50, 100, 150]",0.0313,11820.29,3037.6,3.4,2655.62,5,4,77.55,414.85,-2.0,203,12486.83,2691.0,-8.8,2677.37,6,6,150.34,539.76,-4.0,218
ripertamab_Fab,G1,Kappa,1.169,High,21356.22,5103.11,9.6,2554.13,6,5,124.2,966.37,2.1,219,213,432,"{50: np.float64(2.4637650000000004), 100: np.float64(3.9275300000000004), 150: np.float64(5.391295)}","[50, 100, 150]",0.0293,11074.77,2924.1,7.3,2554.13,6,2,77.42,505.79,1.0,219,10281.45,2179.01,2.3,1124.71,6,5,124.2,460.58,1.1,213
risankizumab_Fab,G1,Kappa,1.107,High,23798.91,5296.81,7.7,2825.08,6,3,92.99,546.39,0.2,218,214,432,"{50: np.float64(2.54303), 100: np.float64(4.08606), 150: np.float64(5.629090000000001)}","[50, 100, 150]",0.0309,12308.63,3196.49,5.3,2825.08,3,2,50.64,197.15,-2.0,218,11490.28,2100.32,2.4,2016.18,6,3,92.99,349.24,2.2,214
rituximab_Fab,G1,Kappa,0.96,High,22585.76,5645.7,9.6,1774.02,9,6,133.24,927.66,2.1,219,213,432,"{50: np.float64(2.09525), 100: np.float64(3.1905000000000006), 150: np.float64(4.28575)}","[50, 100, 150]",0.0219,12237.03,3431.05,7.3,1774.02,3,2,72.7,509.29,1.0,219,10348.73,2214.65,2.3,1215.2,9,6,133.24,418.37,1.1,213
rocatinlimab_Fab,G1,Kappa,1.016,High,22903.07,5050.37,7.7,2553.64,6,5,75.99,223.03,2.1,215,214,429,"{50: np.float64(2.4153100000000003), 100: np.float64(3.8306200000000006), 150: np.float64(5.24593)}","[50, 100, 150]",0.0283,11469.15,2825.43,8.5,2553.64,3,2,75.99,89.72,1.1,215,11433.92,2224.94,-0.8,2178.61,6,5,22.03,133.31,1.0,214
roconkibart_Fab,G4,Kappa,0.977,High,21884.29,5073.25,3.8,1854.25,6,2,155.33,961.26,1.2,201,219,420,"{50: np.float64(2.107455), 100: np.float64(3.21491), 150: np.float64(4.322365)}","[50, 100, 150]",0.0221,10727.28,2999.14,2.3,1854.25,5,2,155.33,625.17,-0.9,201,11157.01,2074.11,1.5,1542.01,6,2,82.53,336.09,2.1,219
romosozumab_Fab,G2,Kappa,1.148,High,25576.54,6274.62,-1.5,2795.16,6,4,100.96,694.66,-1.0,207,214,421,"{50: np.float64(2.54854), 100: np.float64(4.09708), 150: np.float64(5.64562)}","[50, 100, 150]",0.031,12497.06,3458.62,-1.7,2007.01,5,4,100.96,297.75,-1.0,207,13079.48,2816.0,0.2,2795.16,6,4,74.2,396.91,0.0,214
sabatolimab_Fab,G4,Kappa,1.024,High,24437.5,5308.76,5.5,2532.01,8,3,63.24,1034.35,2.0,202,218,420,"{50: np.float64(2.3667450000000003), 100: np.float64(3.7334900000000006), 150: np.float64(5.1002350000000005)}","[50, 100, 150]",0.0273,11976.58,2830.28,5.3,2532.01,3,2,63.24,442.9,1.0,202,12460.92,2478.48,0.2,2310.87,8,3,42.09,591.45,1.0,218
sarilumab_Fab,G1,Kappa,1.176,High,22382.41,4846.45,4.5,2591.62,6,4,157.8,566.89,0.0,214,214,428,"{50: np.float64(2.50361), 100: np.float64(4.00722), 150: np.float64(5.51083)}","[50, 100, 150]",0.0301,10995.19,2730.83,4.3,2591.62,5,4,157.8,204.58,0.0,214,11387.22,2115.62,0.2,2076.22,6,2,70.73,362.31,0.0,214
semzuvolimab_Fab,G1,Kappa,1.173,High,24824.8,6073.07,2.6,2852.42,8,3,121.54,594.93,0.0,216,218,434,"{50: np.float64(2.58525), 100: np.float64(4.1705), 150: np.float64(5.75575)}","[50, 100, 150]",0.0317,12555.53,3213.88,6.3,2852.42,3,3,121.54,171.56,1.0,216,12269.27,2859.19,-3.7,2825.35,8,3,87.75,423.37,-1.0,218
seniprutug_Fab,G1,Kappa,1.276,High,22523.65,5273.79,4.6,3227.25,6,4,82.52,751.78,3.1,220,214,434,"{50: np.float64(2.7461450000000003), 100: np.float64(4.492290000000001), 150: np.float64(6.238435000000001)}","[50, 100, 150]",0.0349,12592.96,3576.76,4.3,3227.25,3,4,82.52,502.53,2.0,220,9930.69,1697.03,0.3,463.48,6,4,50.15,249.25,1.1,214
sigvotatug_Fab,G1,Kappa,1.165,High,20999.69,4658.83,7.4,2491.2,7,6,132.87,824.41,-2.0,214,214,428,"{50: np.float64(2.4534700000000003), 100: np.float64(3.90694), 150: np.float64(5.36041)}","[50, 100, 150]",0.0291,10269.4,2526.61,9.2,2491.2,5,1,54.92,441.36,1.0,214,10730.29,2132.22,-1.8,1170.53,7,6,132.87,383.05,-3.0,214
sintilimab_Fab,G4,Kappa,0.788,High,21230.28,4256.99,3.6,1361.28,6,3,143.42,795.91,0.2,204,214,418,"{50: np.float64(1.8615599999999999), 100: np.float64(2.7231199999999998), 150: np.float64(3.5846799999999996)}","[100, 150]",0.0172,11075.47,2488.96,2.3,1361.28,4,3,143.42,289.65,-0.9,204,10154.81,1768.03,1.3,800.74,6,3,57.11,506.26,1.1,214
socazolimab_Fab,G1,Lambda,0.663,High,19167.84,4195.18,3.5,1419.83,3,3,78.96,454.95,1.0,217,215,432,"{50: np.float64(1.826375), 100: np.float64(2.65275), 150: np.float64(3.4791250000000002)}","[100, 150]",0.0165,10177.01,2688.57,3.2,1419.83,2,2,76.05,337.45,1.0,217,8990.83,1506.61,0.3,1294.7,3,3,78.96,117.5,0.0,215
sonesitatug_Fab,G1,Kappa,1.432,High,26032.69,6710.64,6.4,3838.0,6,3,78.65,842.9,2.0,216,220,436,"{50: np.float64(3.0351500000000002), 100: np.float64(5.0703000000000005), 150: np.float64(7.10545)}","[50, 100, 150]",0.0407,14383.12,4386.26,7.2,3838.0,3,1,28.24,479.8,0.0,216,11649.57,2324.38,-0.8,1463.43,6,3,78.65,363.1,2.0,220
stapokibart_Fab,G4,Kappa,1.047,High,22846.15,5066.0,6.5,2706.48,6,3,63.6,420.68,3.1,203,214,417,"{50: np.float64(2.45434), 100: np.float64(3.9086800000000004), 150: np.float64(5.363020000000001)}","[50, 100, 150]",0.0291,11449.99,3014.87,6.2,2706.48,5,2,43.98,165.0,3.0,203,11396.16,2051.13,0.3,1705.83,6,3,63.6,255.68,0.1,214
suvemcitug_Fab,G1,Kappa,1.204,High,22245.89,5465.25,3.4,2749.88,6,2,134.79,1186.73,0.0,220,219,439,"{50: np.float64(2.53473), 100: np.float64(4.06946), 150: np.float64(5.60419)}","[50, 100, 150]",0.0307,10091.81,3013.79,3.2,2749.88,4,2,134.79,294.11,-1.0,220,12154.08,2451.46,0.2,2150.43,6,2,108.2,892.62,1.0,219
tarcocimab_Fab,G1,Kappa,1.49,High,27633.81,7394.88,2.7,4083.88,5,2,75.71,1080.62,-0.8,221,214,435,"{50: np.float64(3.14265), 100: np.float64(5.2853), 150: np.float64(7.42795)}","[50, 100, 150]",0.0429,13733.05,4436.7,3.4,4083.88,5,2,72.42,577.73,0.1,221,13900.76,2958.18,-0.7,2292.85,5,2,75.71,502.89,-0.9,214
teplizumab_Fab,G1,Kappa,1.02,High,23068.28,4757.82,9.6,2621.26,6,4,52.04,793.42,2.0,217,213,430,"{50: np.float64(2.4126700000000003), 100: np.float64(3.8253400000000006), 150: np.float64(5.238010000000001)}","[50, 100, 150]",0.0283,12218.14,2968.08,9.4,2621.26,5,2,40.53,152.54,1.0,217,10850.14,1789.74,0.2,863.08,6,4,52.04,640.88,1.0,213
tezepelumab_Fab,G2,Lambda,1.136,High,22109.84,4931.89,0.9,2676.39,3,3,126.78,500.67,-0.8,206,214,420,"{50: np.float64(2.502475), 100: np.float64(4.00495), 150: np.float64(5.507425)}","[50, 100, 150]",0.03,11100.56,2727.13,3.5,2676.39,3,2,126.78,348.96,1.0,206,11009.28,2204.76,-2.6,869.26,3,3,33.6,151.71,-1.8,214
tildrakizumab_Fab,G1,Kappa,1.19,High,21549.4,4916.92,5.6,2586.07,6,5,153.95,514.84,1.2,214,214,428,"{50: np.float64(2.5094849999999997), 100: np.float64(4.0189699999999995), 150: np.float64(5.528455)}","[50, 100, 150]",0.0302,10703.97,2745.5,5.2,2586.07,2,5,97.41,192.39,1.0,214,10845.43,2171.42,0.4,2029.41,6,2,153.95,322.45,0.2,214
tisotumab_Fab,G1,Kappa,1.554,High,25614.6,7040.26,5.4,3965.72,9,2,117.56,1058.89,2.0,216,214,430,"{50: np.float64(3.1254199999999996), 100: np.float64(5.250839999999999), 150: np.float64(7.376259999999999)}","[50, 100, 150]",0.0425,13154.6,3989.32,4.2,3965.72,9,2,117.56,511.98,0.0,216,12460.0,3050.94,1.2,2835.94,8,2,44.62,546.91,2.0,214
tizetatug_Fab,G1,Kappa,1.194,High,24592.18,6059.91,6.5,2942.74,6,3,88.61,962.09,2.1,219,214,433,"{50: np.float64(2.59748), 100: np.float64(4.19496), 150: np.float64(5.79244)}","[50, 100, 150]",0.0319,11864.53,3104.56,6.2,2705.57,2,2,88.61,215.0,1.0,219,12727.65,2955.35,0.3,2942.74,6,3,22.06,747.09,1.1,214
tocilizumab_Fab,G1,Kappa,1.134,High,24720.09,5887.18,9.6,2924.33,6,4,59.62,880.5,2.1,217,214,431,"{50: np.float64(2.571785), 100: np.float64(4.14357), 150: np.float64(5.715355000000001)}","[50, 100, 150]",0.0314,12999.84,3409.87,8.3,2924.33,3,1,32.53,544.38,1.0,217,11720.25,2477.31,1.3,2370.03,6,4,59.62,336.12,1.1,214
tozorakimab_Fab,G1,Lambda,0.955,High,21576.08,4840.37,6.4,2605.92,3,2,48.53,742.8,0.0,224,212,436,"{50: np.float64(2.37649), 100: np.float64(3.75298), 150: np.float64(5.12947)}","[50, 100, 150]",0.0275,11571.3,3269.43,7.2,2605.92,3,2,48.53,568.86,1.0,224,10004.78,1570.94,-0.8,813.23,3,2,39.85,173.94,-1.0,212
trastuzumab_Fab,G1,Kappa,0.805,High,22547.5,5125.19,6.6,1419.23,9,4,144.83,646.26,0.1,218,214,432,"{50: np.float64(1.904445), 100: np.float64(2.80889), 150: np.float64(3.7133350000000003)}","[100, 150]",0.0181,11476.28,3096.4,5.3,1419.23,9,1,144.83,147.31,0.0,218,11071.22,2028.79,1.3,1250.16,6,4,52.16,498.95,0.1,214
tremelimumab_Fab,G2,Kappa,1.41,High,25239.08,6384.97,4.5,3641.46,6,6,105.29,625.62,0.0,209,214,423,"{50: np.float64(3.00102), 100: np.float64(5.00204), 150: np.float64(7.00306)}","[50, 100, 150]",0.04,13512.99,3859.13,4.3,3641.46,4,3,81.68,181.16,0.0,209,11726.09,2525.84,0.2,1558.06,6,6,105.29,444.46,0.0,214
tulisokibart_Fab,G1,Kappa,1.032,High,22699.58,5092.91,5.6,2229.22,6,4,117.36,986.16,-1.0,214,213,427,"{50: np.float64(2.2819700000000003), 100: np.float64(3.56394), 150: np.float64(4.84591)}","[50, 100, 150]",0.0256,11950.58,2933.22,6.4,2229.22,5,3,117.36,375.97,-2.0,214,10749.0,2159.69,-0.8,2142.18,6,4,61.77,610.19,1.0,213
tusamitamab_Fab,G1,Kappa,1.243,High,22467.51,5057.82,3.7,3143.55,6,4,90.37,994.57,0.3,218,214,432,"{50: np.float64(2.712145), 100: np.float64(4.42429), 150: np.float64(6.136435)}","[50, 100, 150]",0.0342,11439.03,3243.83,3.3,3143.55,3,4,90.37,575.75,0.1,218,11028.48,1813.99,0.4,1372.63,6,2,54.53,418.82,0.2,214
ublituximab_Fab,G1,Kappa,1.259,High,22083.37,5425.85,9.6,2938.42,6,4,121.54,1044.03,1.1,216,213,429,"{50: np.float64(2.6407499999999997), 100: np.float64(4.281499999999999), 150: np.float64(5.922249999999999)}","[50, 100, 150]",0.0328,11515.13,3010.57,7.3,2938.42,5,2,73.43,459.67,0.0,216,10568.24,2415.28,2.3,906.07,6,4,121.54,584.36,1.1,213
upinitatug_Fab,G1,Kappa,0.969,High,26445.23,6258.48,7.5,2350.28,6,3,88.53,752.17,0.0,217,214,431,"{50: np.float64(2.3011700000000004), 100: np.float64(3.6023400000000008), 150: np.float64(4.903510000000001)}","[50, 100, 150]",0.026,12245.03,2820.14,7.3,2008.7,6,3,45.32,87.03,0.0,217,14200.2,3438.34,0.2,2350.28,6,3,88.53,665.14,0.0,214
ustekinumab_Fab,G1,Kappa,0.753,High,21759.23,5075.01,7.4,1532.06,6,4,77.91,699.81,3.0,217,214,431,"{50: np.float64(1.8939399999999997), 100: np.float64(2.7878799999999995), 150: np.float64(3.6818199999999996)}","[100, 150]",0.0179,11296.99,3211.01,7.2,1532.06,3,2,77.91,444.88,2.0,217,10462.24,1864.0,0.2,1179.71,6,4,45.44,254.93,1.0,214
vamikibart_Fab,G2,Kappa,1.395,High,24635.67,5790.56,-3.6,3073.3,6,4,165.95,943.75,-2.0,206,218,424,"{50: np.float64(2.7526), 100: np.float64(4.5052), 150: np.float64(6.257800000000001)}","[50, 100, 150]",0.0351,11442.21,3146.37,1.2,3073.3,3,2,80.94,356.92,1.0,206,13193.46,2644.19,-4.8,2625.28,6,4,165.95,586.83,-3.0,218
vecantoxatug_Fab,G1,Kappa,1.132,High,23528.95,5467.73,7.5,3064.26,6,4,59.1,711.76,0.1,213,214,427,"{50: np.float64(2.64123), 100: np.float64(4.28246), 150: np.float64(5.923690000000001)}","[50, 100, 150]",0.0328,11855.34,3391.1,7.3,3064.26,5,2,59.1,381.37,1.1,213,11673.61,2076.63,0.2,1282.98,6,4,26.7,330.39,-1.0,214
vedolizumab_Fab,G1,Kappa,1.661,High,27990.59,7299.91,3.6,4382.96,6,3,113.08,1194.28,0.0,219,219,438,"{50: np.float64(3.34206), 100: np.float64(5.68412), 150: np.float64(8.02618)}","[50, 100, 150]",0.0468,15775.71,4910.68,3.3,4382.96,4,3,103.22,564.65,-2.0,219,12214.88,2389.23,0.3,1570.43,6,3,113.08,629.63,2.0,219
vibostolimab_Fab,G1,Kappa,0.855,High,22989.45,4911.93,5.8,1820.21,4,4,101.26,740.47,-0.7,217,214,431,"{50: np.float64(2.0613650000000003), 100: np.float64(3.1227300000000007), 150: np.float64(4.184095000000001)}","[50, 100, 150]",0.0212,12370.03,3046.0,5.3,1314.1,4,1,44.27,420.63,-1.0,217,10619.42,1865.93,0.5,1820.21,4,4,101.26,319.84,0.3,214
visilizumab_Fab,G2,Kappa,1.183,High,21985.08,4797.46,5.6,2868.51,7,5,64.16,1319.8,3.0,204,213,417,"{50: np.float64(2.5609150000000005), 100: np.float64(4.121830000000001), 150: np.float64(5.682745000000001)}","[50, 100, 150]",0.0312,11138.2,2890.19,4.4,2868.51,7,2,64.16,772.3,2.0,204,10846.88,1907.27,1.2,880.34,6,5,40.45,547.5,1.0,213
xeligekimab_Fab,G4,Kappa,1.465,High,22087.98,4872.91,1.6,3092.87,9,5,205.4,433.26,-2.9,211,214,425,"{50: np.float64(2.814335), 100: np.float64(4.62867), 150: np.float64(6.443004999999999)}","[50, 100, 150]",0.0363,11179.43,3215.66,0.3,3092.87,4,5,205.4,194.16,-4.0,211,10908.55,1657.25,1.3,1087.88,9,2,83.32,239.1,1.1,214
zanolimumab_Fab,G1,Kappa,1.358,High,25474.97,6605.81,6.6,3234.89,6,3,142.84,742.52,1.1,213,214,427,"{50: np.float64(2.797785), 100: np.float64(4.59557), 150: np.float64(6.393355)}","[50, 100, 150]",0.036,12055.26,3227.78,6.3,3133.07,3,1,79.45,136.61,1.1,213,13419.71,3378.03,0.3,3234.89,6,3,142.84,605.91,0.0,214
zigakibart_Fab,G4,Kappa,1.378,High,27631.78,6720.52,6.5,3518.14,6,3,101.71,995.04,1.0,205,214,419,"{50: np.float64(2.8982799999999997), 100: np.float64(4.7965599999999995), 150: np.float64(6.694839999999999)}","[50, 100, 150]",0.038,14206.65,3875.08,5.3,3518.14,6,3,65.82,552.94,0.0,205,13425.13,2845.44,1.2,2827.78,4,3,101.71,442.1,1.0,214
zolbetuximab_Fab,G1,Kappa,1.311,High,26924.81,6278.58,6.4,3396.52,4,3,89.0,714.61,2.0,216,220,436,"{50: np.float64(2.82476), 100: np.float64(4.64952), 150: np.float64(6.474279999999999)}","[50, 100, 150]",0.0365,14205.73,3738.43,7.2,3396.52,4,2,49.92,435.8,1.0,216,12719.08,2540.15,-0.8,2396.26,4,3,89.0,278.81,1.0,220
